"filename", "language", "TypeScript", "encodingImgTargetFile", "TypeScript JSX", "SCSS", "JavaScript", "vue", "CSS", "comment", "blank", "total"
"d:\share12\three-template-master\src\App.vue", "vue", 0, 0, 0, 0, 0, 22, 0, 0, 1, 23
"d:\share12\three-template-master\src\assets\avatar.png", "encodingImgTargetFile", 0, 610, 0, 0, 0, 0, 0, 0, 4, 614
"d:\share12\three-template-master\src\assets\avatar\face-1.jpg", "encodingImgTargetFile", 0, 379, 0, 0, 0, 0, 0, 0, 3, 382
"d:\share12\three-template-master\src\assets\avatar\face-2.jpg", "encodingImgTargetFile", 0, 327, 0, 0, 0, 0, 0, 0, 3, 330
"d:\share12\three-template-master\src\assets\avatar\face-3.jpg", "encodingImgTargetFile", 0, 253, 0, 0, 0, 0, 0, 0, 0, 253
"d:\share12\three-template-master\src\assets\avatar\face-4.jpg", "encodingImgTargetFile", 0, 432, 0, 0, 0, 0, 0, 0, 7, 439
"d:\share12\three-template-master\src\assets\gitee-b.svg", "encodingImgTargetFile", 0, 16, 0, 0, 0, 0, 0, 0, 1, 17
"d:\share12\three-template-master\src\assets\gitee.svg", "encodingImgTargetFile", 0, 15, 0, 0, 0, 0, 0, 0, 0, 15
"d:\share12\three-template-master\src\assets\image\quick-pass-logo-1.jpg", "encodingImgTargetFile", 0, 259, 0, 0, 0, 0, 0, 0, 0, 259
"d:\share12\three-template-master\src\assets\image\quick-pass-logo.jpg", "encodingImgTargetFile", 0, 188, 0, 0, 0, 0, 0, 0, 0, 188
"d:\share12\three-template-master\src\assets\image\quick-pass.jpg", "encodingImgTargetFile", 0, 233, 0, 0, 0, 0, 0, 0, 1, 234
"d:\share12\three-template-master\src\assets\image\step.jpg", "encodingImgTargetFile", 0, 2199, 0, 0, 0, 0, 0, 0, 11, 2210
"d:\share12\three-template-master\src\assets\image\union-pay-logo-1.jpg", "encodingImgTargetFile", 0, 500, 0, 0, 0, 0, 0, 0, 1, 501
"d:\share12\three-template-master\src\assets\image\unionpay-logo.jpg", "encodingImgTargetFile", 0, 589, 0, 0, 0, 0, 0, 0, 3, 592
"d:\share12\three-template-master\src\assets\logo.png", "encodingImgTargetFile", 0, 59, 0, 0, 0, 0, 0, 0, 1, 60
"d:\share12\three-template-master\src\assets\logo\antdv.svg", "encodingImgTargetFile", 0, 27, 0, 0, 0, 0, 0, 0, 1, 28
"d:\share12\three-template-master\src\assets\logo\atlassian.svg", "encodingImgTargetFile", 0, 16, 0, 0, 0, 0, 0, 0, 0, 16
"d:\share12\three-template-master\src\assets\logo\invision.svg", "encodingImgTargetFile", 0, 10, 0, 0, 0, 0, 0, 0, 0, 10
"d:\share12\three-template-master\src\assets\logo\jira.svg", "encodingImgTargetFile", 0, 21, 0, 0, 0, 0, 0, 0, 0, 21
"d:\share12\three-template-master\src\assets\logo\shopify.svg", "encodingImgTargetFile", 0, 11, 0, 0, 0, 0, 0, 0, 0, 11
"d:\share12\three-template-master\src\assets\logo\slack.svg", "encodingImgTargetFile", 0, 12, 0, 0, 0, 0, 0, 0, 0, 12
"d:\share12\three-template-master\src\assets\logo\spotify.svg", "encodingImgTargetFile", 0, 9, 0, 0, 0, 0, 0, 0, 0, 9
"d:\share12\three-template-master\src\assets\logo\tailwindcss.svg", "encodingImgTargetFile", 0, 3, 0, 0, 0, 0, 0, 0, 0, 3
"d:\share12\three-template-master\src\assets\personal-bg.png", "encodingImgTargetFile", 0, 916, 0, 0, 0, 0, 0, 0, 5, 921
"d:\share12\three-template-master\src\assets\shopify.svg", "encodingImgTargetFile", 0, 12, 0, 0, 0, 0, 0, 0, 0, 12
"d:\share12\three-template-master\src\assets\theme\china-red.png", "encodingImgTargetFile", 0, 492, 0, 0, 0, 0, 0, 0, 2, 494
"d:\share12\three-template-master\src\assets\theme\green.png", "encodingImgTargetFile", 0, 500, 0, 0, 0, 0, 0, 0, 3, 503
"d:\share12\three-template-master\src\assets\theme\header-dark.png", "encodingImgTargetFile", 0, 377, 0, 0, 0, 0, 0, 0, 7, 384
"d:\share12\three-template-master\src\assets\theme\idea.png", "encodingImgTargetFile", 0, 431, 0, 0, 0, 0, 0, 0, 33, 464
"d:\share12\three-template-master\src\assets\theme\light.png", "encodingImgTargetFile", 0, 365, 0, 0, 0, 0, 0, 0, 39, 404
"d:\share12\three-template-master\src\assets\theme\orange.png", "encodingImgTargetFile", 0, 492, 0, 0, 0, 0, 0, 0, 2, 494
"d:\share12\three-template-master\src\assets\theme\pink.png", "encodingImgTargetFile", 0, 472, 0, 0, 0, 0, 0, 0, 3, 475
"d:\share12\three-template-master\src\assets\theme\purple.png", "encodingImgTargetFile", 0, 545, 0, 0, 0, 0, 0, 0, 5, 550
"d:\share12\three-template-master\src\assets\theme\side-dark.png", "encodingImgTargetFile", 0, 370, 0, 0, 0, 0, 0, 0, 7, 377
"d:\share12\three-template-master\src\assets\theme\vscode.png", "encodingImgTargetFile", 0, 459, 0, 0, 0, 0, 0, 0, 4, 463
"d:\share12\three-template-master\src\assets\vite.svg", "encodingImgTargetFile", 0, 1, 0, 0, 0, 0, 0, 0, 0, 1
"d:\share12\three-template-master\src\assets\vue.svg", "encodingImgTargetFile", 0, 1, 0, 0, 0, 0, 0, 0, 0, 1
"d:\share12\three-template-master\src\base\base.ts", "TypeScript", 84, 0, 0, 0, 0, 0, 0, 9, 1, 94
"d:\share12\three-template-master\src\bread\bread.ts", "TypeScript", 27, 0, 0, 0, 0, 0, 0, 0, 4, 31
"d:\share12\three-template-master\src\bread\breadCom.tsx", "TypeScript JSX", 0, 0, 42, 0, 0, 0, 0, 0, 3, 45
"d:\share12\three-template-master\src\bread\breaditem.ts", "TypeScript", 27, 0, 0, 0, 0, 0, 0, 0, 1, 28
"d:\share12\three-template-master\src\bread\formBarBread.tsx", "TypeScript JSX", 0, 0, 33, 0, 0, 0, 0, 0, 0, 33
"d:\share12\three-template-master\src\buttonGroup\bMenu.ts", "TypeScript", 61, 0, 0, 0, 0, 0, 0, 1, 3, 65
"d:\share12\three-template-master\src\buttonGroup\button.ts", "TypeScript", 88, 0, 0, 0, 0, 0, 0, 0, 2, 90
"d:\share12\three-template-master\src\buttonGroup\buttonCom.tsx", "TypeScript JSX", 0, 0, 39, 0, 0, 0, 0, 2, 1, 42
"d:\share12\three-template-master\src\buttonGroup\buttonGroup.ts", "TypeScript", 41, 0, 0, 0, 0, 0, 0, 0, 2, 43
"d:\share12\three-template-master\src\buttonGroup\buttonGroupCom.tsx", "TypeScript JSX", 0, 0, 140, 0, 0, 0, 0, 2, 2, 144
"d:\share12\three-template-master\src\buttonGroup\dragPlugin.ts", "TypeScript", 453, 0, 0, 0, 0, 0, 0, 32, 15, 500
"d:\share12\three-template-master\src\buttonGroup\tab.ts", "TypeScript", 97, 0, 0, 0, 0, 0, 0, 1, 2, 100
"d:\share12\three-template-master\src\buttonGroup\tabCom.tsx", "TypeScript JSX", 0, 0, 176, 0, 0, 0, 0, 6, 2, 184
"d:\share12\three-template-master\src\buttonGroup\tabitem.ts", "TypeScript", 196, 0, 0, 0, 0, 0, 0, 9, 2, 207
"d:\share12\three-template-master\src\components\Preload.vue", "vue", 0, 0, 0, 0, 0, 142, 0, 0, 6, 148
"d:\share12\three-template-master\src\contextM\components\Contextmenu.tsx", "TypeScript JSX", 0, 0, 214, 0, 0, 0, 0, 72, 37, 323
"d:\share12\three-template-master\src\contextM\components\ContextmenuCom.tsx", "TypeScript JSX", 0, 0, 142, 0, 0, 0, 0, 1, 3, 146
"d:\share12\three-template-master\src\contextM\components\ContextmenuDivider.tsx", "TypeScript JSX", 0, 0, 9, 0, 0, 0, 0, 0, 5, 14
"d:\share12\three-template-master\src\contextM\components\ContextmenuGroup.tsx", "TypeScript JSX", 0, 0, 50, 0, 0, 0, 0, 0, 12, 62
"d:\share12\three-template-master\src\contextM\components\ContextmenuIcon.tsx", "TypeScript JSX", 0, 0, 22, 0, 0, 0, 0, 0, 6, 28
"d:\share12\three-template-master\src\contextM\components\ContextmenuItem.tsx", "TypeScript JSX", 0, 0, 72, 0, 0, 0, 0, 0, 22, 94
"d:\share12\three-template-master\src\contextM\components\ContextmenuSubmenu.tsx", "TypeScript JSX", 0, 0, 108, 0, 0, 0, 0, 3, 26, 137
"d:\share12\three-template-master\src\contextM\constants\classes.ts", "TypeScript", 21, 0, 0, 0, 0, 0, 0, 0, 5, 26
"d:\share12\three-template-master\src\contextM\constants\index.ts", "TypeScript", 2, 0, 0, 0, 0, 0, 0, 0, 2, 4
"d:\share12\three-template-master\src\contextM\directive.ts", "TypeScript", 69, 0, 0, 0, 0, 0, 0, 3, 16, 88
"d:\share12\three-template-master\src\contextM\index.ts", "TypeScript", 28, 0, 0, 0, 0, 0, 0, 0, 9, 37
"d:\share12\three-template-master\src\contextM\themes\bright\index.scss", "SCSS", 0, 0, 0, 4, 0, 0, 0, 0, 1, 5
"d:\share12\three-template-master\src\contextM\themes\bright\variables.scss", "SCSS", 0, 0, 0, 2, 0, 0, 0, 0, 2, 4
"d:\share12\three-template-master\src\contextM\themes\dark\index.scss", "SCSS", 0, 0, 0, 4, 0, 0, 0, 0, 1, 5
"d:\share12\three-template-master\src\contextM\themes\dark\variables.scss", "SCSS", 0, 0, 0, 2, 0, 0, 0, 0, 2, 4
"d:\share12\three-template-master\src\contextM\themes\default\animate.scss", "SCSS", 0, 0, 0, 11, 0, 0, 0, 0, 3, 14
"d:\share12\three-template-master\src\contextM\themes\default\contextmenu.scss", "SCSS", 0, 0, 0, 83, 0, 0, 0, 0, 17, 100
"d:\share12\three-template-master\src\contextM\themes\default\icon.scss", "SCSS", 0, 0, 0, 21, 0, 0, 0, 0, 3, 24
"d:\share12\three-template-master\src\contextM\themes\default\index.scss", "SCSS", 0, 0, 0, 4, 0, 0, 0, 0, 1, 5
"d:\share12\three-template-master\src\contextM\themes\default\variables.scss", "SCSS", 0, 0, 0, 11, 0, 0, 0, 0, 5, 16
"d:\share12\three-template-master\src\contextM\themes\fonts\iconfont.svg", "encodingImgTargetFile", 0, 27, 0, 0, 0, 0, 0, 0, 10, 37
"d:\share12\three-template-master\src\contextM\themes\fonts\iconfont.ttf", "encodingImgTargetFile", 0, 24, 0, 0, 0, 0, 0, 0, 0, 24
"d:\share12\three-template-master\src\contextM\themes\fonts\iconfont.woff", "encodingImgTargetFile", 0, 9, 0, 0, 0, 0, 0, 0, 0, 9
"d:\share12\three-template-master\src\contextM\themes\test.cjs", "JavaScript", 0, 0, 0, 0, 49, 0, 0, 8, 6, 63
"d:\share12\three-template-master\src\contextM\types\index.ts", "TypeScript", 26, 0, 0, 0, 0, 0, 0, 9, 9, 44
"d:\share12\three-template-master\src\dialog\dialog.ts", "TypeScript", 12, 0, 0, 0, 0, 0, 0, 0, 2, 14
"d:\share12\three-template-master\src\dialog\dialogCom.tsx", "TypeScript JSX", 0, 0, 10, 0, 0, 0, 0, 0, 2, 12
"d:\share12\three-template-master\src\game\camera.ts", "TypeScript", 38, 0, 0, 0, 0, 0, 0, 0, 4, 42
"d:\share12\three-template-master\src\game\controls.ts", "TypeScript", 19, 0, 0, 0, 0, 0, 0, 0, 2, 21
"d:\share12\three-template-master\src\game\index.ts", "TypeScript", 125, 0, 0, 0, 0, 0, 0, 0, 21, 146
"d:\share12\three-template-master\src\game\light.ts", "TypeScript", 16, 0, 0, 0, 0, 0, 0, 0, 2, 18
"d:\share12\three-template-master\src\game\renderer.ts", "TypeScript", 44, 0, 0, 0, 0, 0, 0, 0, 5, 49
"d:\share12\three-template-master\src\game\scene.ts", "TypeScript", 11, 0, 0, 0, 0, 0, 0, 0, 2, 13
"d:\share12\three-template-master\src\game\utils\assets.ts", "TypeScript", 29, 0, 0, 0, 0, 0, 0, 0, 3, 32
"d:\share12\three-template-master\src\game\utils\audio.ts", "TypeScript", 52, 0, 0, 0, 0, 0, 0, 0, 8, 60
"d:\share12\three-template-master\src\game\utils\loaders.ts", "TypeScript", 69, 0, 0, 0, 0, 0, 0, 0, 10, 79
"d:\share12\three-template-master\src\game\utils\resource.ts", "TypeScript", 104, 0, 0, 0, 0, 0, 0, 0, 13, 117
"d:\share12\three-template-master\src\game\utils\stats.ts", "TypeScript", 14, 0, 0, 0, 0, 0, 0, 0, 1, 15
"d:\share12\three-template-master\src\game\utils\time.ts", "TypeScript", 17, 0, 0, 0, 0, 0, 0, 0, 2, 19
"d:\share12\three-template-master\src\game\world\cube.ts", "TypeScript", 21, 0, 0, 0, 0, 0, 0, 0, 3, 24
"d:\share12\three-template-master\src\game\world\index.ts", "TypeScript", 27, 0, 0, 0, 0, 0, 0, 0, 3, 30
"d:\share12\three-template-master\src\game\world\sky-box.ts", "TypeScript", 41, 0, 0, 0, 0, 0, 0, 0, 3, 44
"d:\share12\three-template-master\src\global.d.ts", "TypeScript", 9, 0, 0, 0, 0, 0, 0, 0, 5, 14
"d:\share12\three-template-master\src\main.ts", "TypeScript", 46, 0, 0, 0, 0, 0, 0, 3, 1, 50
"d:\share12\three-template-master\src\mainStyle.css", "CSS", 0, 0, 0, 0, 0, 0, 131, 1, 11, 143
"d:\share12\three-template-master\src\menu\dropdown.ts", "TypeScript", 43, 0, 0, 0, 0, 0, 0, 0, 2, 45
"d:\share12\three-template-master\src\menu\dropdownCom.tsx", "TypeScript JSX", 0, 0, 67, 0, 0, 0, 0, 1, 1, 69
"d:\share12\three-template-master\src\menu\fieldCom.tsx", "TypeScript JSX", 0, 0, 109, 0, 0, 0, 0, 2, 1, 112
"d:\share12\three-template-master\src\menu\menu.ts", "TypeScript", 94, 0, 0, 0, 0, 0, 0, 0, 1, 95
"d:\share12\three-template-master\src\menu\menuCom.tsx", "TypeScript JSX", 0, 0, 192, 0, 0, 0, 0, 1, 2, 195
"d:\share12\three-template-master\src\menu\menuitem.ts", "TypeScript", 111, 0, 0, 0, 0, 0, 0, 7, 2, 120
"d:\share12\three-template-master\src\menu\pulldownCom.tsx", "TypeScript JSX", 0, 0, 442, 0, 0, 0, 0, 22, 1, 465
"d:\share12\three-template-master\src\packages\base.ts", "TypeScript", 7, 0, 0, 0, 0, 0, 0, 0, 1, 8
"d:\share12\three-template-master\src\packages\ckeditor\__index.jsx", "JavaScript", 0, 0, 0, 0, 112, 0, 0, 54, 29, 195
"d:\share12\three-template-master\src\packages\ckeditor\index.jsx", "JavaScript", 0, 0, 0, 0, 219, 0, 0, 9, 10, 238
"d:\share12\three-template-master\src\packages\ckeditor\style\index.js", "JavaScript", 0, 0, 0, 0, 2, 0, 0, 0, 1, 3
"d:\share12\three-template-master\src\packages\form.ts", "TypeScript", 1417, 0, 0, 0, 0, 0, 0, 84, 20, 1521
"d:\share12\three-template-master\src\packages\formCom.tsx", "TypeScript JSX", 0, 0, 78, 0, 0, 0, 0, 4, 1, 83
"d:\share12\three-template-master\src\packages\formEditor\componentsConfig.ts", "TypeScript", 496, 0, 0, 0, 0, 0, 0, 90, 2, 588
"d:\share12\three-template-master\src\packages\formEditor\components\CompleteButton.tsx", "TypeScript JSX", 0, 0, 61, 0, 0, 0, 0, 2, 1, 64
"d:\share12\three-template-master\src\packages\formEditor\components\DeviceSwitch.vue", "vue", 0, 0, 0, 0, 0, 34, 0, 2, 3, 39
"d:\share12\three-template-master\src\packages\formEditor\components\FormTypes\Baseinfo\mobile.tsx", "TypeScript JSX", 0, 0, 0, 0, 0, 0, 0, 0, 1, 1
"d:\share12\three-template-master\src\packages\formEditor\components\FormTypes\Baseinfo\mobile.vue", "vue", 0, 0, 0, 0, 0, 36, 0, 0, 3, 39
"d:\share12\three-template-master\src\packages\formEditor\components\FormTypes\Baseinfo\pc.tsx", "TypeScript JSX", 0, 0, 0, 0, 0, 0, 0, 0, 1, 1
"d:\share12\three-template-master\src\packages\formEditor\components\FormTypes\Baseinfo\pc.vue", "vue", 0, 0, 0, 0, 0, 21, 0, 0, 3, 24
"d:\share12\three-template-master\src\packages\formEditor\components\FormTypes\Cascader\mobile.tsx", "TypeScript JSX", 0, 0, 21, 0, 0, 0, 0, 7, 3, 31
"d:\share12\three-template-master\src\packages\formEditor\components\FormTypes\Cascader\mobile.vue", "vue", 0, 0, 0, 0, 0, 36, 0, 0, 3, 39
"d:\share12\three-template-master\src\packages\formEditor\components\FormTypes\Cascader\pc.tsx", "TypeScript JSX", 0, 0, 21, 0, 0, 0, 0, 0, 2, 23
"d:\share12\three-template-master\src\packages\formEditor\components\FormTypes\Cascader\pc.vue", "vue", 0, 0, 0, 0, 0, 21, 0, 0, 3, 24
"d:\share12\three-template-master\src\packages\formEditor\components\FormTypes\Checkbox\Other\mobile.tsx", "TypeScript JSX", 0, 0, 21, 0, 0, 0, 0, 7, 3, 31
"d:\share12\three-template-master\src\packages\formEditor\components\FormTypes\Checkbox\Other\mobile.vue", "vue", 0, 0, 0, 0, 0, 42, 0, 10, 2, 54
"d:\share12\three-template-master\src\packages\formEditor\components\FormTypes\Checkbox\Other\pc.tsx", "TypeScript JSX", 0, 0, 21, 0, 0, 0, 0, 0, 2, 23
"d:\share12\three-template-master\src\packages\formEditor\components\FormTypes\Checkbox\Other\pc.vue", "vue", 0, 0, 0, 0, 0, 41, 0, 0, 2, 43
"d:\share12\three-template-master\src\packages\formEditor\components\FormTypes\Checkbox\mobile.tsx", "TypeScript JSX", 0, 0, 21, 0, 0, 0, 0, 7, 3, 31
"d:\share12\three-template-master\src\packages\formEditor\components\FormTypes\Checkbox\mobile.vue", "vue", 0, 0, 0, 0, 0, 39, 0, 0, 3, 42
"d:\share12\three-template-master\src\packages\formEditor\components\FormTypes\Checkbox\pc.tsx", "TypeScript JSX", 0, 0, 21, 0, 0, 0, 0, 0, 2, 23
"d:\share12\three-template-master\src\packages\formEditor\components\FormTypes\Checkbox\pc.vue", "vue", 0, 0, 0, 0, 0, 26, 0, 0, 3, 29
"d:\share12\three-template-master\src\packages\formEditor\components\FormTypes\Date\Other\mobile.tsx", "TypeScript JSX", 0, 0, 21, 0, 0, 0, 0, 7, 3, 31
"d:\share12\three-template-master\src\packages\formEditor\components\FormTypes\Date\Other\mobile.vue", "vue", 0, 0, 0, 0, 0, 42, 0, 10, 2, 54
"d:\share12\three-template-master\src\packages\formEditor\components\FormTypes\Date\Other\pc.tsx", "TypeScript JSX", 0, 0, 21, 0, 0, 0, 0, 0, 2, 23
"d:\share12\three-template-master\src\packages\formEditor\components\FormTypes\Date\Other\pc.vue", "vue", 0, 0, 0, 0, 0, 41, 0, 0, 2, 43
"d:\share12\three-template-master\src\packages\formEditor\components\FormTypes\Date\mobile.tsx", "TypeScript JSX", 0, 0, 21, 0, 0, 0, 0, 7, 3, 31
"d:\share12\three-template-master\src\packages\formEditor\components\FormTypes\Date\mobile.vue", "vue", 0, 0, 0, 0, 0, 122, 0, 0, 2, 124
"d:\share12\three-template-master\src\packages\formEditor\components\FormTypes\Date\pc.tsx", "TypeScript JSX", 0, 0, 21, 0, 0, 0, 0, 0, 2, 23
"d:\share12\three-template-master\src\packages\formEditor\components\FormTypes\Date\pc.vue", "vue", 0, 0, 0, 0, 0, 21, 0, 0, 3, 24
"d:\share12\three-template-master\src\packages\formEditor\components\FormTypes\Divider\Other\mobile.tsx", "TypeScript JSX", 0, 0, 21, 0, 0, 0, 0, 7, 3, 31
"d:\share12\three-template-master\src\packages\formEditor\components\FormTypes\Divider\Other\mobile.vue", "vue", 0, 0, 0, 0, 0, 42, 0, 10, 2, 54
"d:\share12\three-template-master\src\packages\formEditor\components\FormTypes\Divider\Other\pc.tsx", "TypeScript JSX", 0, 0, 21, 0, 0, 0, 0, 0, 2, 23
"d:\share12\three-template-master\src\packages\formEditor\components\FormTypes\Divider\Other\pc.vue", "vue", 0, 0, 0, 0, 0, 41, 0, 0, 2, 43
"d:\share12\three-template-master\src\packages\formEditor\components\FormTypes\Divider\mobile.tsx", "TypeScript JSX", 0, 0, 21, 0, 0, 0, 0, 7, 3, 31
"d:\share12\three-template-master\src\packages\formEditor\components\FormTypes\Divider\mobile.vue", "vue", 0, 0, 0, 0, 0, 29, 0, 0, 3, 32
"d:\share12\three-template-master\src\packages\formEditor\components\FormTypes\Divider\pc.tsx", "TypeScript JSX", 0, 0, 21, 0, 0, 0, 0, 0, 2, 23
"d:\share12\three-template-master\src\packages\formEditor\components\FormTypes\Divider\pc.vue", "vue", 0, 0, 0, 0, 0, 20, 0, 0, 3, 23
"d:\share12\three-template-master\src\packages\formEditor\components\FormTypes\Entity\mobile.tsx", "TypeScript JSX", 0, 0, 7, 0, 0, 0, 0, 0, 1, 8
"d:\share12\three-template-master\src\packages\formEditor\components\FormTypes\Entity\pc.tsx", "TypeScript JSX", 0, 0, 89, 0, 0, 0, 0, 0, 1, 90
"d:\share12\three-template-master\src\packages\formEditor\components\FormTypes\Html\Other\mobile.tsx", "TypeScript JSX", 0, 0, 21, 0, 0, 0, 0, 7, 3, 31
"d:\share12\three-template-master\src\packages\formEditor\components\FormTypes\Html\Other\mobile.vue", "vue", 0, 0, 0, 0, 0, 42, 0, 10, 2, 54
"d:\share12\three-template-master\src\packages\formEditor\components\FormTypes\Html\Other\pc.tsx", "TypeScript JSX", 0, 0, 21, 0, 0, 0, 0, 0, 2, 23
"d:\share12\three-template-master\src\packages\formEditor\components\FormTypes\Html\Other\pc.vue", "vue", 0, 0, 0, 0, 0, 41, 0, 0, 2, 43
"d:\share12\three-template-master\src\packages\formEditor\components\FormTypes\Html\mobile.tsx", "TypeScript JSX", 0, 0, 21, 0, 0, 0, 0, 7, 3, 31
"d:\share12\three-template-master\src\packages\formEditor\components\FormTypes\Html\mobile.vue", "vue", 0, 0, 0, 0, 0, 67, 0, 1, 3, 71
"d:\share12\three-template-master\src\packages\formEditor\components\FormTypes\Html\pc.tsx", "TypeScript JSX", 0, 0, 21, 0, 0, 0, 0, 0, 2, 23
"d:\share12\three-template-master\src\packages\formEditor\components\FormTypes\Html\pc.vue", "vue", 0, 0, 0, 0, 0, 28, 0, 0, 3, 31
"d:\share12\three-template-master\src\packages\formEditor\components\FormTypes\Input\mobile.tsx", "TypeScript JSX", 0, 0, 21, 0, 0, 0, 0, 7, 3, 31
"d:\share12\three-template-master\src\packages\formEditor\components\FormTypes\Input\mobile.vue", "vue", 0, 0, 0, 0, 0, 18, 0, 0, 3, 21
"d:\share12\three-template-master\src\packages\formEditor\components\FormTypes\Input\pc.tsx", "TypeScript JSX", 0, 0, 21, 0, 0, 0, 0, 0, 2, 23
"d:\share12\three-template-master\src\packages\formEditor\components\FormTypes\Input\pc.vue", "vue", 0, 0, 0, 0, 0, 22, 0, 0, 3, 25
"d:\share12\three-template-master\src\packages\formEditor\components\FormTypes\Number\Other\mobile.tsx", "TypeScript JSX", 0, 0, 21, 0, 0, 0, 0, 7, 3, 31
"d:\share12\three-template-master\src\packages\formEditor\components\FormTypes\Number\Other\mobile.vue", "vue", 0, 0, 0, 0, 0, 42, 0, 10, 2, 54
"d:\share12\three-template-master\src\packages\formEditor\components\FormTypes\Number\Other\pc.tsx", "TypeScript JSX", 0, 0, 21, 0, 0, 0, 0, 0, 2, 23
"d:\share12\three-template-master\src\packages\formEditor\components\FormTypes\Number\Other\pc.vue", "vue", 0, 0, 0, 0, 0, 41, 0, 0, 2, 43
"d:\share12\three-template-master\src\packages\formEditor\components\FormTypes\Number\mobile.tsx", "TypeScript JSX", 0, 0, 21, 0, 0, 0, 0, 7, 3, 31
"d:\share12\three-template-master\src\packages\formEditor\components\FormTypes\Number\mobile.vue", "vue", 0, 0, 0, 0, 0, 35, 0, 0, 5, 40
"d:\share12\three-template-master\src\packages\formEditor\components\FormTypes\Number\pc.tsx", "TypeScript JSX", 0, 0, 21, 0, 0, 0, 0, 0, 2, 23
"d:\share12\three-template-master\src\packages\formEditor\components\FormTypes\Number\pc.vue", "vue", 0, 0, 0, 0, 0, 21, 0, 0, 3, 24
"d:\share12\three-template-master\src\packages\formEditor\components\FormTypes\Other\mobile.tsx", "TypeScript JSX", 0, 0, 21, 0, 0, 0, 0, 7, 3, 31
"d:\share12\three-template-master\src\packages\formEditor\components\FormTypes\Other\mobile.vue", "vue", 0, 0, 0, 0, 0, 42, 0, 10, 2, 54
"d:\share12\three-template-master\src\packages\formEditor\components\FormTypes\Other\pc.tsx", "TypeScript JSX", 0, 0, 21, 0, 0, 0, 0, 0, 2, 23
"d:\share12\three-template-master\src\packages\formEditor\components\FormTypes\Other\pc.vue", "vue", 0, 0, 0, 0, 0, 41, 0, 0, 2, 43
"d:\share12\three-template-master\src\packages\formEditor\components\FormTypes\Radio\mobile.tsx", "TypeScript JSX", 0, 0, 21, 0, 0, 0, 0, 7, 3, 31
"d:\share12\three-template-master\src\packages\formEditor\components\FormTypes\Radio\mobile.vue", "vue", 0, 0, 0, 0, 0, 39, 0, 0, 3, 42
"d:\share12\three-template-master\src\packages\formEditor\components\FormTypes\Radio\pc.tsx", "TypeScript JSX", 0, 0, 21, 0, 0, 0, 0, 0, 2, 23
"d:\share12\three-template-master\src\packages\formEditor\components\FormTypes\Radio\pc.vue", "vue", 0, 0, 0, 0, 0, 30, 0, 0, 2, 32
"d:\share12\three-template-master\src\packages\formEditor\components\FormTypes\Rate\mobile.tsx", "TypeScript JSX", 0, 0, 21, 0, 0, 0, 0, 7, 3, 31
"d:\share12\three-template-master\src\packages\formEditor\components\FormTypes\Rate\mobile.vue", "vue", 0, 0, 0, 0, 0, 19, 0, 0, 2, 21
"d:\share12\three-template-master\src\packages\formEditor\components\FormTypes\Rate\pc.tsx", "TypeScript JSX", 0, 0, 21, 0, 0, 0, 0, 0, 2, 23
"d:\share12\three-template-master\src\packages\formEditor\components\FormTypes\Rate\pc.vue", "vue", 0, 0, 0, 0, 0, 19, 0, 0, 3, 22
"d:\share12\three-template-master\src\packages\formEditor\components\FormTypes\Region\mobile.tsx", "TypeScript JSX", 0, 0, 21, 0, 0, 0, 0, 7, 3, 31
"d:\share12\three-template-master\src\packages\formEditor\components\FormTypes\Region\mobile.vue", "vue", 0, 0, 0, 0, 0, 79, 0, 0, 3, 82
"d:\share12\three-template-master\src\packages\formEditor\components\FormTypes\Region\pc.tsx", "TypeScript JSX", 0, 0, 21, 0, 0, 0, 0, 0, 2, 23
"d:\share12\three-template-master\src\packages\formEditor\components\FormTypes\Region\pc.vue", "vue", 0, 0, 0, 0, 0, 22, 0, 0, 3, 25
"d:\share12\three-template-master\src\packages\formEditor\components\FormTypes\Select\mobile.tsx", "TypeScript JSX", 0, 0, 21, 0, 0, 0, 0, 7, 3, 31
"d:\share12\three-template-master\src\packages\formEditor\components\FormTypes\Select\mobile.vue", "vue", 0, 0, 0, 0, 0, 49, 0, 0, 3, 52
"d:\share12\three-template-master\src\packages\formEditor\components\FormTypes\Select\pc.tsx", "TypeScript JSX", 0, 0, 21, 0, 0, 0, 0, 0, 2, 23
"d:\share12\three-template-master\src\packages\formEditor\components\FormTypes\Select\pc.vue", "vue", 0, 0, 0, 0, 0, 29, 0, 4, 3, 36
"d:\share12\three-template-master\src\packages\formEditor\components\FormTypes\Sform\mobile.tsx", "TypeScript JSX", 0, 0, 20, 0, 0, 0, 0, 1, 2, 23
"d:\share12\three-template-master\src\packages\formEditor\components\FormTypes\Sform\mobile.vue", "vue", 0, 0, 0, 0, 0, 3, 0, 0, 0, 3
"d:\share12\three-template-master\src\packages\formEditor\components\FormTypes\Sform\pc.tsx", "TypeScript JSX", 0, 0, 20, 0, 0, 0, 0, 0, 2, 22
"d:\share12\three-template-master\src\packages\formEditor\components\FormTypes\Sform\pc.vue", "vue", 0, 0, 0, 0, 0, 3, 0, 0, 0, 3
"d:\share12\three-template-master\src\packages\formEditor\components\FormTypes\Signature\mobile.tsx", "TypeScript JSX", 0, 0, 21, 0, 0, 0, 0, 7, 3, 31
"d:\share12\three-template-master\src\packages\formEditor\components\FormTypes\Signature\mobile.vue", "vue", 0, 0, 0, 0, 0, 161, 0, 0, 3, 164
"d:\share12\three-template-master\src\packages\formEditor\components\FormTypes\Signature\pc.tsx", "TypeScript JSX", 0, 0, 21, 0, 0, 0, 0, 0, 2, 23
"d:\share12\three-template-master\src\packages\formEditor\components\FormTypes\Signature\pc.vue", "vue", 0, 0, 0, 0, 0, 153, 0, 0, 3, 156
"d:\share12\three-template-master\src\packages\formEditor\components\FormTypes\Slider\mobile.tsx", "TypeScript JSX", 0, 0, 21, 0, 0, 0, 0, 7, 3, 31
"d:\share12\three-template-master\src\packages\formEditor\components\FormTypes\Slider\mobile.vue", "vue", 0, 0, 0, 0, 0, 31, 0, 0, 3, 34
"d:\share12\three-template-master\src\packages\formEditor\components\FormTypes\Slider\pc.tsx", "TypeScript JSX", 0, 0, 21, 0, 0, 0, 0, 0, 2, 23
"d:\share12\three-template-master\src\packages\formEditor\components\FormTypes\Slider\pc.vue", "vue", 0, 0, 0, 0, 0, 19, 0, 0, 3, 22
"d:\share12\three-template-master\src\packages\formEditor\components\FormTypes\Stable\mobile.tsx", "TypeScript JSX", 0, 0, 21, 0, 0, 0, 0, 0, 2, 23
"d:\share12\three-template-master\src\packages\formEditor\components\FormTypes\Stable\mobile.vue", "vue", 0, 0, 0, 0, 0, 26, 0, 0, 3, 29
"d:\share12\three-template-master\src\packages\formEditor\components\FormTypes\Stable\pc.tsx", "TypeScript JSX", 0, 0, 21, 0, 0, 0, 0, 0, 2, 23
"d:\share12\three-template-master\src\packages\formEditor\components\FormTypes\Stable\pc.vue", "vue", 0, 0, 0, 0, 0, 19, 0, 0, 3, 22
"d:\share12\three-template-master\src\packages\formEditor\components\FormTypes\Switch\mobile.tsx", "TypeScript JSX", 0, 0, 21, 0, 0, 0, 0, 7, 3, 31
"d:\share12\three-template-master\src\packages\formEditor\components\FormTypes\Switch\mobile.vue", "vue", 0, 0, 0, 0, 0, 26, 0, 0, 3, 29
"d:\share12\three-template-master\src\packages\formEditor\components\FormTypes\Switch\pc.tsx", "TypeScript JSX", 0, 0, 21, 0, 0, 0, 0, 0, 2, 23
"d:\share12\three-template-master\src\packages\formEditor\components\FormTypes\Switch\pc.vue", "vue", 0, 0, 0, 0, 0, 19, 0, 0, 3, 22
"d:\share12\three-template-master\src\packages\formEditor\components\FormTypes\Textarea\mobile.tsx", "TypeScript JSX", 0, 0, 21, 0, 0, 0, 0, 7, 3, 31
"d:\share12\three-template-master\src\packages\formEditor\components\FormTypes\Textarea\mobile.vue", "vue", 0, 0, 0, 0, 0, 18, 0, 10, 3, 31
"d:\share12\three-template-master\src\packages\formEditor\components\FormTypes\Textarea\pc.tsx", "TypeScript JSX", 0, 0, 21, 0, 0, 0, 0, 0, 2, 23
"d:\share12\three-template-master\src\packages\formEditor\components\FormTypes\Textarea\pc.vue", "vue", 0, 0, 0, 0, 0, 18, 0, 10, 3, 31
"d:\share12\three-template-master\src\packages\formEditor\components\FormTypes\Time\mobile.tsx", "TypeScript JSX", 0, 0, 21, 0, 0, 0, 0, 7, 3, 31
"d:\share12\three-template-master\src\packages\formEditor\components\FormTypes\Time\mobile.vue", "vue", 0, 0, 0, 0, 0, 74, 0, 0, 3, 77
"d:\share12\three-template-master\src\packages\formEditor\components\FormTypes\Time\pc.tsx", "TypeScript JSX", 0, 0, 21, 0, 0, 0, 0, 0, 2, 23
"d:\share12\three-template-master\src\packages\formEditor\components\FormTypes\Time\pc.vue", "vue", 0, 0, 0, 0, 0, 22, 0, 0, 3, 25
"d:\share12\three-template-master\src\packages\formEditor\components\FormTypes\Uploadfile\mobile.tsx", "TypeScript JSX", 0, 0, 21, 0, 0, 0, 0, 7, 3, 31
"d:\share12\three-template-master\src\packages\formEditor\components\FormTypes\Uploadfile\mobile.vue", "vue", 0, 0, 0, 0, 0, 69, 0, 0, 1, 70
"d:\share12\three-template-master\src\packages\formEditor\components\FormTypes\Uploadfile\pc.tsx", "TypeScript JSX", 0, 0, 21, 0, 0, 0, 0, 0, 2, 23
"d:\share12\three-template-master\src\packages\formEditor\components\FormTypes\Uploadfile\pc.vue", "vue", 0, 0, 0, 0, 0, 93, 0, 0, 3, 96
"d:\share12\three-template-master\src\packages\formEditor\components\FormTypes\index.ts", "TypeScript", 52, 0, 0, 0, 0, 0, 0, 10, 2, 64
"d:\share12\three-template-master\src\packages\formEditor\components\Icon.vue", "vue", 0, 0, 0, 0, 0, 33, 0, 0, 3, 36
"d:\share12\three-template-master\src\packages\formEditor\components\Layout\CollapseLayout.tsx", "TypeScript JSX", 0, 0, 46, 0, 0, 0, 0, 0, 1, 47
"d:\share12\three-template-master\src\packages\formEditor\components\Layout\ControlInsertionPlugin.ts", "TypeScript", 489, 0, 0, 0, 0, 0, 0, 40, 14, 543
"d:\share12\three-template-master\src\packages\formEditor\components\Layout\DragGable.tsx", "TypeScript JSX", 0, 0, 245, 0, 0, 0, 0, 41, 3, 289
"d:\share12\three-template-master\src\packages\formEditor\components\Layout\DragGableWrap.tsx", "TypeScript JSX", 0, 0, 58, 0, 0, 0, 0, 1, 0, 59
"d:\share12\three-template-master\src\packages\formEditor\components\Layout\GridLayout.tsx", "TypeScript JSX", 0, 0, 77, 0, 0, 0, 0, 7, 1, 85
"d:\share12\three-template-master\src\packages\formEditor\components\Layout\InlineLayout.tsx", "TypeScript JSX", 0, 0, 38, 0, 0, 0, 0, 0, 2, 40
"d:\share12\three-template-master\src\packages\formEditor\components\Layout\SubformLayout.tsx", "TypeScript JSX", 0, 0, 121, 0, 0, 0, 0, 1, 1, 123
"d:\share12\three-template-master\src\packages\formEditor\components\Layout\TableLayout.tsx", "TypeScript JSX", 0, 0, 105, 0, 0, 0, 0, 0, 1, 106
"d:\share12\three-template-master\src\packages\formEditor\components\Layout\TabsLayout.tsx", "TypeScript JSX", 0, 0, 39, 0, 0, 0, 0, 4, 1, 44
"d:\share12\three-template-master\src\packages\formEditor\components\Panels\Canves\index.tsx", "TypeScript JSX", 0, 0, 94, 0, 0, 0, 0, 5, 1, 100
"d:\share12\three-template-master\src\packages\formEditor\components\Panels\Config\components\AllsidesComponent.vue", "vue", 0, 0, 0, 0, 0, 81, 0, 0, 1, 82
"d:\share12\three-template-master\src\packages\formEditor\components\Panels\Config\components\BackgroundComponent.vue", "vue", 0, 0, 0, 0, 0, 295, 0, 1, 2, 298
"d:\share12\three-template-master\src\packages\formEditor\components\Panels\Config\components\BorderComponent.vue", "vue", 0, 0, 0, 0, 0, 163, 0, 0, 1, 164
"d:\share12\three-template-master\src\packages\formEditor\components\Panels\Config\components\CheckboxComponent.vue", "vue", 0, 0, 0, 0, 0, 39, 0, 0, 1, 40
"d:\share12\three-template-master\src\packages\formEditor\components\Panels\Config\components\CollapseComponent.vue", "vue", 0, 0, 0, 0, 0, 45, 0, 0, 1, 46
"d:\share12\three-template-master\src\packages\formEditor\components\Panels\Config\components\DataComponent1.jsx", "JavaScript", 0, 0, 0, 0, 212, 0, 0, 2, 1, 215
"d:\share12\three-template-master\src\packages\formEditor\components\Panels\Config\components\DataComponent2.jsx", "JavaScript", 0, 0, 0, 0, 184, 0, 0, 15, 1, 200
"d:\share12\three-template-master\src\packages\formEditor\components\Panels\Config\components\DataComponent3.vue", "vue", 0, 0, 0, 0, 0, 91, 0, 0, 1, 92
"d:\share12\three-template-master\src\packages\formEditor\components\Panels\Config\components\GlobalConfigPanel.tsx", "TypeScript JSX", 0, 0, 16, 0, 0, 0, 0, 0, 1, 17
"d:\share12\three-template-master\src\packages\formEditor\components\Panels\Config\components\GlobalConfigPanel.vue", "vue", 0, 0, 0, 0, 0, 218, 0, 0, 1, 219
"d:\share12\three-template-master\src\packages\formEditor\components\Panels\Config\components\LimitComponent.vue", "vue", 0, 0, 0, 0, 0, 55, 0, 0, 1, 56
"d:\share12\three-template-master\src\packages\formEditor\components\Panels\Config\components\LogicComponent.vue", "vue", 0, 0, 0, 0, 0, 299, 0, 0, 2, 301
"d:\share12\three-template-master\src\packages\formEditor\components\Panels\Config\components\PropsPanel copy.tsx", "TypeScript JSX", 0, 0, 23, 0, 0, 0, 0, 0, 0, 23
"d:\share12\three-template-master\src\packages\formEditor\components\Panels\Config\components\PropsPanel.vue", "vue", 0, 0, 0, 0, 0, 805, 0, 4, 2, 811
"d:\share12\three-template-master\src\packages\formEditor\components\Panels\Config\components\SubformDefaultValue.vue", "vue", 0, 0, 0, 0, 0, 121, 0, 0, 1, 122
"d:\share12\three-template-master\src\packages\formEditor\components\Panels\Config\components\TypeComponent.vue", "vue", 0, 0, 0, 0, 0, 86, 0, 0, 1, 87
"d:\share12\three-template-master\src\packages\formEditor\components\Panels\Config\components\fConfigPanel.tsx", "TypeScript JSX", 0, 0, 76, 0, 0, 0, 0, 9, 1, 86
"d:\share12\three-template-master\src\packages\formEditor\components\Panels\Config\components\generateFilterdata.js", "JavaScript", 0, 0, 0, 0, 394, 0, 0, 32, 1, 427
"d:\share12\three-template-master\src\packages\formEditor\components\Panels\Config\configPanel.tsx", "TypeScript JSX", 0, 0, 208, 0, 0, 0, 0, 3, 1, 212
"d:\share12\three-template-master\src\packages\formEditor\components\Panels\Config\index.vue", "vue", 0, 0, 0, 0, 0, 185, 0, 0, 2, 187
"d:\share12\three-template-master\src\packages\formEditor\components\Panels\Fields\index.tsx", "TypeScript JSX", 0, 0, 88, 0, 0, 0, 0, 1, 2, 91
"d:\share12\three-template-master\src\packages\formEditor\components\Selection\selectElement.tsx", "TypeScript JSX", 0, 0, 416, 0, 0, 0, 0, 50, 7, 473
"d:\share12\three-template-master\src\packages\formEditor\config.tsx", "TypeScript JSX", 0, 0, 106, 0, 0, 0, 0, 0, 1, 107
"d:\share12\three-template-master\src\packages\formEditor\defaultProps.ts", "TypeScript", 64, 0, 0, 0, 0, 0, 0, 0, 1, 65
"d:\share12\three-template-master\src\packages\formEditor\fieldFormConfig.ts", "TypeScript", 12, 0, 0, 0, 0, 0, 0, 0, 1, 13
"d:\share12\three-template-master\src\packages\formEditor\formEditor.tsx", "TypeScript JSX", 0, 0, 325, 0, 0, 0, 0, 30, 3, 358
"d:\share12\three-template-master\src\packages\formEditor\formTab.tsx", "TypeScript JSX", 0, 0, 25, 0, 0, 0, 0, 0, 1, 26
"d:\share12\three-template-master\src\packages\formEditor\formType.ts", "TypeScript", 18, 0, 0, 0, 0, 0, 0, 0, 2, 20
"d:\share12\three-template-master\src\packages\formEditor\generatorData.ts", "TypeScript", 26, 0, 0, 0, 0, 0, 0, 2, 1, 29
"d:\share12\three-template-master\src\packages\formEditor\index.ts", "TypeScript", 15, 0, 0, 0, 0, 0, 0, 6, 1, 22
"d:\share12\three-template-master\src\packages\formEditor\locale\en.ts", "TypeScript", 289, 0, 0, 0, 0, 0, 0, 0, 1, 290
"d:\share12\three-template-master\src\packages\formEditor\locale\index.ts", "TypeScript", 8, 0, 0, 0, 0, 0, 0, 1, 1, 10
"d:\share12\three-template-master\src\packages\formEditor\locale\zh-cn.ts", "TypeScript", 289, 0, 0, 0, 0, 0, 0, 0, 1, 290
"d:\share12\three-template-master\src\packages\formEditor\node.ts", "TypeScript", 135, 0, 0, 0, 0, 0, 0, 2, 1, 138
"d:\share12\three-template-master\src\packages\formEditor\preview.tsx", "TypeScript JSX", 0, 0, 214, 0, 0, 0, 0, 11, 4, 229
"d:\share12\three-template-master\src\packages\formEditor\style\index.js", "JavaScript", 0, 0, 0, 0, 3, 0, 0, 1, 1, 5
"d:\share12\three-template-master\src\packages\formEditor\testData.ts", "TypeScript", 1379, 0, 0, 0, 0, 0, 0, 864, 11, 2254
"d:\share12\three-template-master\src\packages\formitem.ts", "TypeScript", 572, 0, 0, 0, 0, 0, 0, 35, 4, 611
"d:\share12\three-template-master\src\packages\hooks\index.ts", "TypeScript", 20, 0, 0, 0, 0, 0, 0, 1, 0, 21
"d:\share12\three-template-master\src\packages\hooks\use-css\index.ts", "TypeScript", 173, 0, 0, 0, 0, 0, 0, 1, 1, 175
"d:\share12\three-template-master\src\packages\hooks\use-fetch\index.ts", "TypeScript", 30, 0, 0, 0, 0, 0, 0, 2, 1, 33
"d:\share12\three-template-master\src\packages\hooks\use-history\index.ts", "TypeScript", 79, 0, 0, 0, 0, 0, 0, 8, 1, 88
"d:\share12\three-template-master\src\packages\hooks\use-i18n\index.ts", "TypeScript", 16, 0, 0, 0, 0, 0, 0, 9, 2, 27
"d:\share12\three-template-master\src\packages\hooks\use-logic\index.ts", "TypeScript", 330, 0, 0, 0, 0, 0, 0, 19, 1, 350
"d:\share12\three-template-master\src\packages\hooks\use-namespace\index.ts", "TypeScript", 36, 0, 0, 0, 0, 0, 0, 0, 1, 37
"d:\share12\three-template-master\src\packages\hooks\use-props\index.ts", "TypeScript", 384, 0, 0, 0, 0, 0, 0, 13, 5, 402
"d:\share12\three-template-master\src\packages\hooks\use-target\index.ts", "TypeScript", 42, 0, 0, 0, 0, 0, 0, 0, 5, 47
"d:\share12\three-template-master\src\packages\icon\__index.vue", "vue", 0, 0, 0, 0, 0, 32, 0, 0, 3, 35
"d:\share12\three-template-master\src\packages\icon\index.js", "JavaScript", 0, 0, 0, 0, 2, 0, 0, 1, 1, 4
"d:\share12\three-template-master\src\packages\icon\index.vue", "vue", 0, 0, 0, 0, 0, 49, 0, 0, 3, 52
"d:\share12\three-template-master\src\packages\icon\svg\ID.svg", "encodingImgTargetFile", 0, 1, 0, 0, 0, 0, 0, 0, 0, 1
"d:\share12\three-template-master\src\packages\icon\svg\PC.svg", "encodingImgTargetFile", 0, 1, 0, 0, 0, 0, 0, 0, 0, 1
"d:\share12\three-template-master\src\packages\icon\svg\Rank.svg", "encodingImgTargetFile", 0, 1, 0, 0, 0, 0, 0, 0, 0, 1
"d:\share12\three-template-master\src\packages\icon\svg\arrowDown.svg", "encodingImgTargetFile", 0, 1, 0, 0, 0, 0, 0, 0, 0, 1
"d:\share12\three-template-master\src\packages\icon\svg\arrowDownBold.svg", "encodingImgTargetFile", 0, 1, 0, 0, 0, 0, 0, 0, 0, 1
"d:\share12\three-template-master\src\packages\icon\svg\arrowLeft.svg", "encodingImgTargetFile", 0, 1, 0, 0, 0, 0, 0, 0, 0, 1
"d:\share12\three-template-master\src\packages\icon\svg\arrowLeftBold.svg", "encodingImgTargetFile", 0, 1, 0, 0, 0, 0, 0, 0, 0, 1
"d:\share12\three-template-master\src\packages\icon\svg\arrowRight.svg", "encodingImgTargetFile", 0, 1, 0, 0, 0, 0, 0, 0, 0, 1
"d:\share12\three-template-master\src\packages\icon\svg\arrowRightBold.svg", "encodingImgTargetFile", 0, 1, 0, 0, 0, 0, 0, 0, 0, 1
"d:\share12\three-template-master\src\packages\icon\svg\arrowUp.svg", "encodingImgTargetFile", 0, 1, 0, 0, 0, 0, 0, 0, 0, 1
"d:\share12\three-template-master\src\packages\icon\svg\arrowUpBold .svg", "encodingImgTargetFile", 0, 1, 0, 0, 0, 0, 0, 0, 0, 1
"d:\share12\three-template-master\src\packages\icon\svg\arrowUpBold.svg", "encodingImgTargetFile", 0, 1, 0, 0, 0, 0, 0, 0, 0, 1
"d:\share12\three-template-master\src\packages\icon\svg\back.svg", "encodingImgTargetFile", 0, 1, 0, 0, 0, 0, 0, 0, 0, 1
"d:\share12\three-template-master\src\packages\icon\svg\bottom.svg", "encodingImgTargetFile", 0, 1, 0, 0, 0, 0, 0, 0, 0, 1
"d:\share12\three-template-master\src\packages\icon\svg\bottomLeft .svg", "encodingImgTargetFile", 0, 1, 0, 0, 0, 0, 0, 0, 0, 1
"d:\share12\three-template-master\src\packages\icon\svg\bottomRight.svg", "encodingImgTargetFile", 0, 1, 0, 0, 0, 0, 0, 0, 0, 1
"d:\share12\three-template-master\src\packages\icon\svg\calendar.svg", "encodingImgTargetFile", 0, 1, 0, 0, 0, 0, 0, 0, 0, 1
"d:\share12\three-template-master\src\packages\icon\svg\cascader.svg", "encodingImgTargetFile", 0, 1, 0, 0, 0, 0, 0, 0, 0, 1
"d:\share12\three-template-master\src\packages\icon\svg\cellphone.svg", "encodingImgTargetFile", 0, 1, 0, 0, 0, 0, 0, 0, 0, 1
"d:\share12\three-template-master\src\packages\icon\svg\checkbox.svg", "encodingImgTargetFile", 0, 1, 0, 0, 0, 0, 0, 0, 0, 1
"d:\share12\three-template-master\src\packages\icon\svg\circleClose.svg", "encodingImgTargetFile", 0, 1, 0, 0, 0, 0, 0, 0, 0, 1
"d:\share12\three-template-master\src\packages\icon\svg\circleMinus.svg", "encodingImgTargetFile", 0, 1, 0, 0, 0, 0, 0, 0, 0, 1
"d:\share12\three-template-master\src\packages\icon\svg\circlePlus.svg", "encodingImgTargetFile", 0, 1, 0, 0, 0, 0, 0, 0, 0, 1
"d:\share12\three-template-master\src\packages\icon\svg\clear0.svg", "encodingImgTargetFile", 0, 1, 0, 0, 0, 0, 0, 0, 0, 1
"d:\share12\three-template-master\src\packages\icon\svg\clear1.svg", "encodingImgTargetFile", 0, 1, 0, 0, 0, 0, 0, 0, 0, 1
"d:\share12\three-template-master\src\packages\icon\svg\collapse.svg", "encodingImgTargetFile", 0, 1, 0, 0, 0, 0, 0, 0, 0, 1
"d:\share12\three-template-master\src\packages\icon\svg\copy.svg", "encodingImgTargetFile", 0, 1, 0, 0, 0, 0, 0, 0, 0, 1
"d:\share12\three-template-master\src\packages\icon\svg\delete.svg", "encodingImgTargetFile", 0, 1, 0, 0, 0, 0, 0, 0, 0, 1
"d:\share12\three-template-master\src\packages\icon\svg\divider.svg", "encodingImgTargetFile", 0, 1, 0, 0, 0, 0, 0, 0, 0, 1
"d:\share12\three-template-master\src\packages\icon\svg\dividerLocationP1.svg", "encodingImgTargetFile", 0, 1, 0, 0, 0, 0, 0, 0, 0, 1
"d:\share12\three-template-master\src\packages\icon\svg\dividerLocationP2.svg", "encodingImgTargetFile", 0, 1, 0, 0, 0, 0, 0, 0, 0, 1
"d:\share12\three-template-master\src\packages\icon\svg\dividerLocationP3.svg", "encodingImgTargetFile", 0, 1, 0, 0, 0, 0, 0, 0, 0, 1
"d:\share12\three-template-master\src\packages\icon\svg\doubleArrowLeft.svg", "encodingImgTargetFile", 0, 1, 0, 0, 0, 0, 0, 0, 0, 1
"d:\share12\three-template-master\src\packages\icon\svg\doubleArrowRight.svg", "encodingImgTargetFile", 0, 1, 0, 0, 0, 0, 0, 0, 0, 1
"d:\share12\three-template-master\src\packages\icon\svg\drag.svg", "encodingImgTargetFile", 0, 1, 0, 0, 0, 0, 0, 0, 0, 1
"d:\share12\three-template-master\src\packages\icon\svg\dragHeight.svg", "encodingImgTargetFile", 0, 6, 0, 0, 0, 0, 0, 0, 1, 7
"d:\share12\three-template-master\src\packages\icon\svg\dragWidth.svg", "encodingImgTargetFile", 0, 1, 0, 0, 0, 0, 0, 0, 0, 1
"d:\share12\three-template-master\src\packages\icon\svg\dropUp0.svg", "encodingImgTargetFile", 0, 1, 0, 0, 0, 0, 0, 0, 0, 1
"d:\share12\three-template-master\src\packages\icon\svg\dropdown0.svg", "encodingImgTargetFile", 0, 1, 0, 0, 0, 0, 0, 0, 0, 1
"d:\share12\three-template-master\src\packages\icon\svg\email.svg", "encodingImgTargetFile", 0, 1, 0, 0, 0, 0, 0, 0, 0, 1
"d:\share12\three-template-master\src\packages\icon\svg\grid.svg", "encodingImgTargetFile", 0, 1, 0, 0, 0, 0, 0, 0, 0, 1
"d:\share12\three-template-master\src\packages\icon\svg\horizontalLayoutP1.svg", "encodingImgTargetFile", 0, 1, 0, 0, 0, 0, 0, 0, 0, 1
"d:\share12\three-template-master\src\packages\icon\svg\horizontalLayoutP2.svg", "encodingImgTargetFile", 0, 1, 0, 0, 0, 0, 0, 0, 0, 1
"d:\share12\three-template-master\src\packages\icon\svg\horizontalLayoutP3.svg", "encodingImgTargetFile", 0, 1, 0, 0, 0, 0, 0, 0, 0, 1
"d:\share12\three-template-master\src\packages\icon\svg\horizontalLayoutP4.svg", "encodingImgTargetFile", 0, 1, 0, 0, 0, 0, 0, 0, 0, 1
"d:\share12\three-template-master\src\packages\icon\svg\horizontalLayoutP5.svg", "encodingImgTargetFile", 0, 1, 0, 0, 0, 0, 0, 0, 0, 1
"d:\share12\three-template-master\src\packages\icon\svg\html.svg", "encodingImgTargetFile", 0, 1, 0, 0, 0, 0, 0, 0, 0, 1
"d:\share12\three-template-master\src\packages\icon\svg\index.js", "JavaScript", 0, 0, 0, 0, 8, 0, 0, 0, 1, 9
"d:\share12\three-template-master\src\packages\icon\svg\input.svg", "encodingImgTargetFile", 0, 1, 0, 0, 0, 0, 0, 0, 0, 1
"d:\share12\three-template-master\src\packages\icon\svg\label.svg", "encodingImgTargetFile", 0, 1, 0, 0, 0, 0, 0, 0, 0, 1
"d:\share12\three-template-master\src\packages\icon\svg\labelStructureP1.svg", "encodingImgTargetFile", 0, 1, 0, 0, 0, 0, 0, 0, 0, 1
"d:\share12\three-template-master\src\packages\icon\svg\labelStructureP2.svg", "encodingImgTargetFile", 0, 1, 0, 0, 0, 0, 0, 0, 0, 1
"d:\share12\three-template-master\src\packages\icon\svg\labelStructureP3.svg", "encodingImgTargetFile", 0, 1, 0, 0, 0, 0, 0, 0, 0, 1
"d:\share12\three-template-master\src\packages\icon\svg\language.svg", "encodingImgTargetFile", 0, 1, 0, 0, 0, 0, 0, 0, 0, 1
"d:\share12\three-template-master\src\packages\icon\svg\lineThickness.svg", "encodingImgTargetFile", 0, 1, 0, 0, 0, 0, 0, 0, 0, 1
"d:\share12\three-template-master\src\packages\icon\svg\location.svg", "encodingImgTargetFile", 0, 1, 0, 0, 0, 0, 0, 0, 0, 1
"d:\share12\three-template-master\src\packages\icon\svg\minus.svg", "encodingImgTargetFile", 0, 1, 0, 0, 0, 0, 0, 0, 0, 1
"d:\share12\three-template-master\src\packages\icon\svg\minusBold.svg", "encodingImgTargetFile", 0, 1, 0, 0, 0, 0, 0, 0, 0, 1
"d:\share12\three-template-master\src\packages\icon\svg\move1.svg", "encodingImgTargetFile", 0, 1, 0, 0, 0, 0, 0, 0, 0, 1
"d:\share12\three-template-master\src\packages\icon\svg\numberButtonP1.svg", "encodingImgTargetFile", 0, 1, 0, 0, 0, 0, 0, 0, 0, 1
"d:\share12\three-template-master\src\packages\icon\svg\numberButtonP2.svg", "encodingImgTargetFile", 0, 1, 0, 0, 0, 0, 0, 0, 0, 1
"d:\share12\three-template-master\src\packages\icon\svg\numbers.svg", "encodingImgTargetFile", 0, 1, 0, 0, 0, 0, 0, 0, 0, 1
"d:\share12\three-template-master\src\packages\icon\svg\plus.svg", "encodingImgTargetFile", 0, 1, 0, 0, 0, 0, 0, 0, 0, 1
"d:\share12\three-template-master\src\packages\icon\svg\plusBold.svg", "encodingImgTargetFile", 0, 1, 0, 0, 0, 0, 0, 0, 0, 1
"d:\share12\three-template-master\src\packages\icon\svg\preview.svg", "encodingImgTargetFile", 0, 1, 0, 0, 0, 0, 0, 0, 0, 1
"d:\share12\three-template-master\src\packages\icon\svg\radio.svg", "encodingImgTargetFile", 0, 1, 0, 0, 0, 0, 0, 0, 0, 1
"d:\share12\three-template-master\src\packages\icon\svg\radius.svg", "encodingImgTargetFile", 0, 1, 0, 0, 0, 0, 0, 0, 0, 1
"d:\share12\three-template-master\src\packages\icon\svg\rating.svg", "encodingImgTargetFile", 0, 1, 0, 0, 0, 0, 0, 0, 0, 1
"d:\share12\three-template-master\src\packages\icon\svg\redo.svg", "encodingImgTargetFile", 0, 1, 0, 0, 0, 0, 0, 0, 0, 1
"d:\share12\three-template-master\src\packages\icon\svg\right.svg", "encodingImgTargetFile", 0, 1, 0, 0, 0, 0, 0, 0, 0, 1
"d:\share12\three-template-master\src\packages\icon\svg\save.svg", "encodingImgTargetFile", 0, 1, 0, 0, 0, 0, 0, 0, 0, 1
"d:\share12\three-template-master\src\packages\icon\svg\search.svg", "encodingImgTargetFile", 0, 1, 0, 0, 0, 0, 0, 0, 0, 1
"d:\share12\three-template-master\src\packages\icon\svg\signature.svg", "encodingImgTargetFile", 0, 1, 0, 0, 0, 0, 0, 0, 0, 1
"d:\share12\three-template-master\src\packages\icon\svg\slider.svg", "encodingImgTargetFile", 0, 1, 0, 0, 0, 0, 0, 0, 0, 1
"d:\share12\three-template-master\src\packages\icon\svg\sort.svg", "encodingImgTargetFile", 0, 1, 0, 0, 0, 0, 0, 0, 0, 1
"d:\share12\three-template-master\src\packages\icon\svg\spaceBottom.svg", "encodingImgTargetFile", 0, 1, 0, 0, 0, 0, 0, 0, 0, 1
"d:\share12\three-template-master\src\packages\icon\svg\spaceLeft.svg", "encodingImgTargetFile", 0, 1, 0, 0, 0, 0, 0, 0, 0, 1
"d:\share12\three-template-master\src\packages\icon\svg\spaceRight.svg", "encodingImgTargetFile", 0, 1, 0, 0, 0, 0, 0, 0, 0, 1
"d:\share12\three-template-master\src\packages\icon\svg\spaceTop.svg", "encodingImgTargetFile", 0, 1, 0, 0, 0, 0, 0, 0, 0, 1
"d:\share12\three-template-master\src\packages\icon\svg\subform.svg", "encodingImgTargetFile", 0, 1, 0, 0, 0, 0, 0, 0, 1, 2
"d:\share12\three-template-master\src\packages\icon\svg\switch.svg", "encodingImgTargetFile", 0, 1, 0, 0, 0, 0, 0, 0, 0, 1
"d:\share12\three-template-master\src\packages\icon\svg\tabStyleP1.svg", "encodingImgTargetFile", 0, 1, 0, 0, 0, 0, 0, 0, 0, 1
"d:\share12\three-template-master\src\packages\icon\svg\tabStyleP2.svg", "encodingImgTargetFile", 0, 1, 0, 0, 0, 0, 0, 0, 0, 1
"d:\share12\three-template-master\src\packages\icon\svg\tabStyleP3.svg", "encodingImgTargetFile", 0, 1, 0, 0, 0, 0, 0, 0, 0, 1
"d:\share12\three-template-master\src\packages\icon\svg\table.svg", "encodingImgTargetFile", 0, 1, 0, 0, 0, 0, 0, 0, 0, 1
"d:\share12\three-template-master\src\packages\icon\svg\tableInsertCol.svg", "encodingImgTargetFile", 0, 1, 0, 0, 0, 0, 0, 0, 0, 1
"d:\share12\three-template-master\src\packages\icon\svg\tableInsertRow.svg", "encodingImgTargetFile", 0, 1, 0, 0, 0, 0, 0, 0, 0, 1
"d:\share12\three-template-master\src\packages\icon\svg\tableOperation.svg", "encodingImgTargetFile", 0, 1, 0, 0, 0, 0, 0, 0, 0, 1
"d:\share12\three-template-master\src\packages\icon\svg\tableStokeP1.svg", "encodingImgTargetFile", 0, 1, 0, 0, 0, 0, 0, 0, 0, 1
"d:\share12\three-template-master\src\packages\icon\svg\tableStokeP2.svg", "encodingImgTargetFile", 0, 1, 0, 0, 0, 0, 0, 0, 0, 1
"d:\share12\three-template-master\src\packages\icon\svg\tableStokeP3.svg", "encodingImgTargetFile", 0, 1, 0, 0, 0, 0, 0, 0, 0, 1
"d:\share12\three-template-master\src\packages\icon\svg\tableStokeP4.svg", "encodingImgTargetFile", 0, 1, 0, 0, 0, 0, 0, 0, 0, 1
"d:\share12\three-template-master\src\packages\icon\svg\tableStokeP5.svg", "encodingImgTargetFile", 0, 1, 0, 0, 0, 0, 0, 0, 0, 1
"d:\share12\three-template-master\src\packages\icon\svg\tableStokeP6.svg", "encodingImgTargetFile", 0, 1, 0, 0, 0, 0, 0, 0, 0, 1
"d:\share12\three-template-master\src\packages\icon\svg\tableStokeP7.svg", "encodingImgTargetFile", 0, 1, 0, 0, 0, 0, 0, 0, 0, 1
"d:\share12\three-template-master\src\packages\icon\svg\tableStokeP8.svg", "encodingImgTargetFile", 0, 1, 0, 0, 0, 0, 0, 0, 0, 1
"d:\share12\three-template-master\src\packages\icon\svg\tabsLocationP1.svg", "encodingImgTargetFile", 0, 1, 0, 0, 0, 0, 0, 0, 0, 1
"d:\share12\three-template-master\src\packages\icon\svg\tabsLocationP2.svg", "encodingImgTargetFile", 0, 1, 0, 0, 0, 0, 0, 0, 0, 1
"d:\share12\three-template-master\src\packages\icon\svg\tabsLocationP3.svg", "encodingImgTargetFile", 0, 1, 0, 0, 0, 0, 0, 0, 0, 1
"d:\share12\three-template-master\src\packages\icon\svg\tabsLocationP4.svg", "encodingImgTargetFile", 0, 1, 0, 0, 0, 0, 0, 0, 0, 1
"d:\share12\three-template-master\src\packages\icon\svg\textarea.svg", "encodingImgTargetFile", 0, 1, 0, 0, 0, 0, 0, 0, 0, 1
"d:\share12\three-template-master\src\packages\icon\svg\time.svg", "encodingImgTargetFile", 0, 1, 0, 0, 0, 0, 0, 0, 0, 1
"d:\share12\three-template-master\src\packages\icon\svg\title.svg", "encodingImgTargetFile", 0, 1, 0, 0, 0, 0, 0, 0, 0, 1
"d:\share12\three-template-master\src\packages\icon\svg\top.svg", "encodingImgTargetFile", 0, 1, 0, 0, 0, 0, 0, 0, 0, 1
"d:\share12\three-template-master\src\packages\icon\svg\topLeft.svg", "encodingImgTargetFile", 0, 1, 0, 0, 0, 0, 0, 0, 0, 1
"d:\share12\three-template-master\src\packages\icon\svg\topRight.svg", "encodingImgTargetFile", 0, 1, 0, 0, 0, 0, 0, 0, 0, 1
"d:\share12\three-template-master\src\packages\icon\svg\undo.svg", "encodingImgTargetFile", 0, 1, 0, 0, 0, 0, 0, 0, 0, 1
"d:\share12\three-template-master\src\packages\icon\svg\upload.svg", "encodingImgTargetFile", 0, 1, 0, 0, 0, 0, 0, 0, 0, 1
"d:\share12\three-template-master\src\packages\icon\svg\url.svg", "encodingImgTargetFile", 0, 1, 0, 0, 0, 0, 0, 0, 0, 1
"d:\share12\three-template-master\src\packages\icon\svg\widthRatioP1.svg", "encodingImgTargetFile", 0, 1, 0, 0, 0, 0, 0, 0, 0, 1
"d:\share12\three-template-master\src\packages\icon\svg\widthRatioP2.svg", "encodingImgTargetFile", 0, 1, 0, 0, 0, 0, 0, 0, 0, 1
"d:\share12\three-template-master\src\packages\icon\svg\widthRatioP3.svg", "encodingImgTargetFile", 0, 1, 0, 0, 0, 0, 0, 0, 0, 1
"d:\share12\three-template-master\src\packages\icon\svg\widthRatioP4.svg", "encodingImgTargetFile", 0, 1, 0, 0, 0, 0, 0, 0, 0, 1
"d:\share12\three-template-master\src\packages\icon\svg\widthRatioP5.svg", "encodingImgTargetFile", 0, 1, 0, 0, 0, 0, 0, 0, 0, 1
"d:\share12\three-template-master\src\packages\icon\svg\widthRatioP6.svg", "encodingImgTargetFile", 0, 1, 0, 0, 0, 0, 0, 0, 0, 1
"d:\share12\three-template-master\src\packages\icon\svg\zoomIn.svg", "encodingImgTargetFile", 0, 1, 0, 0, 0, 0, 0, 0, 0, 1
"d:\share12\three-template-master\src\packages\icon\svg\zoomOut.svg", "encodingImgTargetFile", 0, 1, 0, 0, 0, 0, 0, 0, 0, 1
"d:\share12\three-template-master\src\packages\itemTypeMap.ts", "TypeScript", 23, 0, 0, 0, 0, 0, 0, 0, 2, 25
"d:\share12\three-template-master\src\packages\layoutType.ts", "TypeScript", 133, 0, 0, 0, 0, 0, 0, 0, 16, 149
"d:\share12\three-template-master\src\packages\pageCom.tsx", "TypeScript JSX", 0, 0, 334, 0, 0, 0, 0, 81, 3, 418
"d:\share12\three-template-master\src\packages\pageDesign.ts", "TypeScript", 68, 0, 0, 0, 0, 0, 0, 7, 2, 77
"d:\share12\three-template-master\src\packages\pageDesignConfig.ts", "TypeScript", 194, 0, 0, 0, 0, 0, 0, 50, 1, 245
"d:\share12\three-template-master\src\packages\pageDesignFn.ts", "TypeScript", 217, 0, 0, 0, 0, 0, 0, 0, 2, 219
"d:\share12\three-template-master\src\packages\pageItem.ts", "TypeScript", 6, 0, 0, 0, 0, 0, 0, 1, 2, 9
"d:\share12\three-template-master\src\packages\region\Region.js", "JavaScript", 0, 0, 0, 0, 72, 0, 0, 0, 5, 77
"d:\share12\three-template-master\src\packages\region\index.js", "JavaScript", 0, 0, 0, 0, 5, 0, 0, 0, 1, 6
"d:\share12\three-template-master\src\packages\region\index.vue", "vue", 0, 0, 0, 0, 0, 429, 0, 0, 10, 439
"d:\share12\three-template-master\src\packages\region\node.js", "JavaScript", 0, 0, 0, 0, 51, 0, 0, 0, 7, 58
"d:\share12\three-template-master\src\packages\region\store.js", "JavaScript", 0, 0, 0, 0, 131, 0, 0, 8, 19, 158
"d:\share12\three-template-master\src\packages\region\style\index.js", "JavaScript", 0, 0, 0, 0, 2, 0, 0, 1, 1, 4
"d:\share12\three-template-master\src\packages\theme\base.scss", "SCSS", 0, 0, 0, 45, 0, 0, 0, 0, 1, 46
"d:\share12\three-template-master\src\packages\theme\ckeditor\index.scss", "SCSS", 0, 0, 0, 48, 0, 0, 0, 1, 1, 50
"d:\share12\three-template-master\src\packages\theme\formEditor\Canves.scss", "SCSS", 0, 0, 0, 69, 0, 0, 0, 7, 1, 77
"d:\share12\three-template-master\src\packages\theme\formEditor\CollapseLayout.scss", "SCSS", 0, 0, 0, 6, 0, 0, 0, 0, 1, 7
"d:\share12\three-template-master\src\packages\theme\formEditor\Config.scss", "SCSS", 0, 0, 0, 85, 0, 0, 0, 22, 1, 108
"d:\share12\three-template-master\src\packages\theme\formEditor\ConfigAllsides.scss", "SCSS", 0, 0, 0, 18, 0, 0, 0, 0, 1, 19
"d:\share12\three-template-master\src\packages\theme\formEditor\ConfigBackground.scss", "SCSS", 0, 0, 0, 87, 0, 0, 0, 4, 1, 92
"d:\share12\three-template-master\src\packages\theme\formEditor\ConfigBorder.scss", "SCSS", 0, 0, 0, 23, 0, 0, 0, 0, 1, 24
"d:\share12\three-template-master\src\packages\theme\formEditor\ConfigCheckboxComponent.scss", "SCSS", 0, 0, 0, 17, 0, 0, 0, 7, 1, 25
"d:\share12\three-template-master\src\packages\theme\formEditor\ConfigCollapseComponent.scss", "SCSS", 0, 0, 0, 23, 0, 0, 0, 28, 1, 52
"d:\share12\three-template-master\src\packages\theme\formEditor\ConfigData1.scss", "SCSS", 0, 0, 0, 54, 0, 0, 0, 0, 2, 56
"d:\share12\three-template-master\src\packages\theme\formEditor\ConfigData2.scss", "SCSS", 0, 0, 0, 71, 0, 0, 0, 11, 1, 83
"d:\share12\three-template-master\src\packages\theme\formEditor\ConfigData3.scss", "SCSS", 0, 0, 0, 33, 0, 0, 0, 3, 1, 37
"d:\share12\three-template-master\src\packages\theme\formEditor\ConfigGridLayoutComponent.scss", "SCSS", 0, 0, 0, 3, 0, 0, 0, 0, 1, 4
"d:\share12\three-template-master\src\packages\theme\formEditor\ConfigLogicComponent.scss", "SCSS", 0, 0, 0, 65, 0, 0, 0, 0, 1, 66
"d:\share12\three-template-master\src\packages\theme\formEditor\ConfigSubformDefaultValueComponent.scss", "SCSS", 0, 0, 0, 15, 0, 0, 0, 0, 1, 16
"d:\share12\three-template-master\src\packages\theme\formEditor\ConfigTypeComponent.scss", "SCSS", 0, 0, 0, 64, 0, 0, 0, 7, 1, 72
"d:\share12\three-template-master\src\packages\theme\formEditor\DeviceSwitch.scss", "SCSS", 0, 0, 0, 26, 0, 0, 0, 29, 1, 56
"d:\share12\three-template-master\src\packages\theme\formEditor\DragGableLayout.scss", "SCSS", 0, 0, 0, 17, 0, 0, 0, 3, 1, 21
"d:\share12\three-template-master\src\packages\theme\formEditor\Fields.scss", "SCSS", 0, 0, 0, 67, 0, 0, 0, 0, 1, 68
"d:\share12\three-template-master\src\packages\theme\formEditor\FormTypes\Cascader.scss", "SCSS", 0, 0, 0, 22, 0, 0, 0, 0, 1, 23
"d:\share12\three-template-master\src\packages\theme\formEditor\FormTypes\Checkbox.scss", "SCSS", 0, 0, 0, 13, 0, 0, 0, 0, 1, 14
"d:\share12\three-template-master\src\packages\theme\formEditor\FormTypes\Date.scss", "SCSS", 0, 0, 0, 6, 0, 0, 0, 0, 2, 8
"d:\share12\three-template-master\src\packages\theme\formEditor\FormTypes\Divider.scss", "SCSS", 0, 0, 0, 7, 0, 0, 0, 2, 1, 10
"d:\share12\three-template-master\src\packages\theme\formEditor\FormTypes\Html.scss", "SCSS", 0, 0, 0, 7, 0, 0, 0, 1, 1, 9
"d:\share12\three-template-master\src\packages\theme\formEditor\FormTypes\Number.scss", "SCSS", 0, 0, 0, 6, 0, 0, 0, 0, 1, 7
"d:\share12\three-template-master\src\packages\theme\formEditor\FormTypes\Other.scss", "SCSS", 0, 0, 0, 14, 0, 0, 0, 0, 1, 15
"d:\share12\three-template-master\src\packages\theme\formEditor\FormTypes\Radio.scss", "SCSS", 0, 0, 0, 12, 0, 0, 0, 0, 1, 13
"d:\share12\three-template-master\src\packages\theme\formEditor\FormTypes\Region.scss", "SCSS", 0, 0, 0, 6, 0, 0, 0, 0, 1, 7
"d:\share12\three-template-master\src\packages\theme\formEditor\FormTypes\Select.scss", "SCSS", 0, 0, 0, 21, 0, 0, 0, 0, 1, 22
"d:\share12\three-template-master\src\packages\theme\formEditor\FormTypes\Signature.scss", "SCSS", 0, 0, 0, 52, 0, 0, 0, 0, 1, 53
"d:\share12\three-template-master\src\packages\theme\formEditor\FormTypes\Slider.scss", "SCSS", 0, 0, 0, 16, 0, 0, 0, 0, 1, 17
"d:\share12\three-template-master\src\packages\theme\formEditor\FormTypes\Time.scss", "SCSS", 0, 0, 0, 6, 0, 0, 0, 0, 1, 7
"d:\share12\three-template-master\src\packages\theme\formEditor\GlobalConfigPanel.scss", "SCSS", 0, 0, 0, 90, 0, 0, 0, 12, 1, 103
"d:\share12\three-template-master\src\packages\theme\formEditor\GridLayout.scss", "SCSS", 0, 0, 0, 5, 0, 0, 0, 1, 1, 7
"d:\share12\three-template-master\src\packages\theme\formEditor\Home.scss", "SCSS", 0, 0, 0, 22, 0, 0, 0, 3, 1, 26
"d:\share12\three-template-master\src\packages\theme\formEditor\Icon.scss", "SCSS", 0, 0, 0, 7, 0, 0, 0, 0, 1, 8
"d:\share12\three-template-master\src\packages\theme\formEditor\IconFont.scss", "SCSS", 0, 0, 0, 143, 0, 0, 0, 0, 41, 184
"d:\share12\three-template-master\src\packages\theme\formEditor\InlineLayout.scss", "SCSS", 0, 0, 0, 7, 0, 0, 0, 1, 1, 9
"d:\share12\three-template-master\src\packages\theme\formEditor\Main.scss", "SCSS", 0, 0, 0, 147, 0, 0, 0, 4, 1, 152
"d:\share12\three-template-master\src\packages\theme\formEditor\PropsPanel.scss", "SCSS", 0, 0, 0, 31, 0, 0, 0, 0, 1, 32
"d:\share12\three-template-master\src\packages\theme\formEditor\SelectElement.scss", "SCSS", 0, 0, 0, 79, 0, 0, 0, 12, 1, 92
"d:\share12\three-template-master\src\packages\theme\formEditor\SubformLayout.scss", "SCSS", 0, 0, 0, 53, 0, 0, 0, 6, 1, 60
"d:\share12\three-template-master\src\packages\theme\formEditor\TableLayout.scss", "SCSS", 0, 0, 0, 11, 0, 0, 0, 1, 1, 13
"d:\share12\three-template-master\src\packages\theme\formEditor\TabsLayout.scss", "SCSS", 0, 0, 0, 9, 0, 0, 0, 3, 1, 13
"d:\share12\three-template-master\src\packages\theme\formEditor\buttonGroupCom.scss", "SCSS", 0, 0, 0, 29, 0, 0, 0, 0, 1, 30
"d:\share12\three-template-master\src\packages\theme\formEditor\index.scss", "SCSS", 0, 0, 0, 44, 0, 0, 0, 0, 1, 45
"d:\share12\three-template-master\src\packages\theme\formEditor\tabCom.scss", "SCSS", 0, 0, 0, 66, 0, 0, 0, 1, 1, 68
"d:\share12\three-template-master\src\packages\theme\icon.scss", "SCSS", 0, 0, 0, 18, 0, 0, 0, 0, 1, 19
"d:\share12\three-template-master\src\packages\theme\region\Main.scss", "SCSS", 0, 0, 0, 104, 0, 0, 0, 2, 1, 107
"d:\share12\three-template-master\src\packages\theme\region\index.scss", "SCSS", 0, 0, 0, 2, 0, 0, 0, 1, 1, 4
"d:\share12\three-template-master\src\packages\type.ts", "TypeScript", 88, 0, 0, 0, 0, 0, 0, 1, 6, 95
"d:\share12\three-template-master\src\packages\utils\Context.ts", "TypeScript", 944, 0, 0, 0, 0, 0, 0, 12, 3, 959
"d:\share12\three-template-master\src\packages\utils\addContext.ts", "TypeScript", 19, 0, 0, 0, 0, 0, 0, 4, 1, 24
"d:\share12\three-template-master\src\packages\utils\decoration.ts", "TypeScript", 133, 0, 0, 0, 0, 0, 0, 5, 5, 143
"d:\share12\three-template-master\src\packages\utils\device.js", "JavaScript", 0, 0, 0, 0, 4, 0, 0, 0, 1, 5
"d:\share12\three-template-master\src\packages\utils\equal.ts", "TypeScript", 56, 0, 0, 0, 0, 0, 0, 5, 7, 68
"d:\share12\three-template-master\src\packages\utils\field.ts", "TypeScript", 303, 0, 0, 0, 0, 0, 0, 4, 1, 308
"d:\share12\three-template-master\src\packages\utils\fileData.ts", "TypeScript", 31, 0, 0, 0, 0, 0, 0, 0, 1, 32
"d:\share12\three-template-master\src\packages\utils\generateOptions.js", "JavaScript", 0, 0, 0, 0, 26, 0, 0, 0, 1, 27
"d:\share12\three-template-master\src\packages\utils\index.ts", "TypeScript", 27, 0, 0, 0, 0, 0, 0, 16, 1, 44
"d:\share12\three-template-master\src\packages\utils\logic.js", "JavaScript", 0, 0, 0, 0, 47, 0, 0, 0, 2, 49
"d:\share12\three-template-master\src\packages\utils\nanoid.js", "JavaScript", 0, 0, 0, 0, 5, 0, 0, 0, 1, 6
"d:\share12\three-template-master\src\packages\utils\test.js", "JavaScript", 0, 0, 0, 0, 23, 0, 0, 0, 1, 24
"d:\share12\three-template-master\src\packages\utils\utils.ts", "TypeScript", 82, 0, 0, 0, 0, 0, 0, 11, 2, 95
"d:\share12\three-template-master\src\packages\vueDraggable\core\componentBuilderHelper.js", "JavaScript", 0, 0, 0, 0, 42, 0, 0, 0, 6, 48
"d:\share12\three-template-master\src\packages\vueDraggable\core\componentStructure.js", "JavaScript", 0, 0, 0, 0, 60, 0, 0, 0, 10, 70
"d:\share12\three-template-master\src\packages\vueDraggable\core\renderHelper.js", "JavaScript", 0, 0, 0, 0, 51, 0, 0, 0, 6, 57
"d:\share12\three-template-master\src\packages\vueDraggable\core\sortableEvents.js", "JavaScript", 0, 0, 0, 0, 15, 0, 0, 0, 4, 19
"d:\share12\three-template-master\src\packages\vueDraggable\util\console.js", "JavaScript", 0, 0, 0, 0, 8, 0, 0, 0, 2, 10
"d:\share12\three-template-master\src\packages\vueDraggable\util\htmlHelper.js", "JavaScript", 0, 0, 0, 0, 13, 0, 0, 0, 3, 16
"d:\share12\three-template-master\src\packages\vueDraggable\util\string.js", "JavaScript", 0, 0, 0, 0, 10, 0, 0, 0, 3, 13
"d:\share12\three-template-master\src\packages\vueDraggable\util\tags.js", "JavaScript", 0, 0, 0, 0, 134, 0, 0, 0, 5, 139
"d:\share12\three-template-master\src\packages\vueDraggable\vuedraggable.d.ts", "TypeScript", 74, 0, 0, 0, 0, 0, 0, 0, 1, 75
"d:\share12\three-template-master\src\packages\vueDraggable\vuedraggable.ts", "TypeScript", 290, 0, 0, 0, 0, 0, 0, 11, 36, 337
"d:\share12\three-template-master\src\pages\billing\BankCard.vue", "vue", 0, 0, 0, 0, 0, 61, 0, 0, 2, 63
"d:\share12\three-template-master\src\pages\billing\Billing.vue", "vue", 0, 0, 0, 0, 0, 59, 0, 0, 2, 61
"d:\share12\three-template-master\src\pages\billing\index.ts", "TypeScript", 2, 0, 0, 0, 0, 0, 0, 0, 1, 3
"d:\share12\three-template-master\src\pages\home\Config1.tsx", "TypeScript JSX", 0, 0, 137, 0, 0, 0, 0, 2, 0, 139
"d:\share12\three-template-master\src\pages\home\CustomShow.tsx", "TypeScript JSX", 0, 0, 84, 0, 0, 0, 0, 0, 17, 101
"d:\share12\three-template-master\src\pages\home\CustomTrigger.tsx", "TypeScript JSX", 0, 0, 70, 0, 0, 0, 0, 0, 10, 80
"d:\share12\three-template-master\src\pages\home\Dynamic.tsx", "TypeScript JSX", 0, 0, 89, 0, 0, 0, 0, 0, 10, 99
"d:\share12\three-template-master\src\pages\home\Group.tsx", "TypeScript JSX", 0, 0, 57, 0, 0, 0, 0, 0, 9, 66
"d:\share12\three-template-master\src\pages\home\Home.tsx", "TypeScript JSX", 0, 0, 118, 0, 0, 0, 0, 1, 1, 120
"d:\share12\three-template-master\src\pages\home\Multiple.tsx", "TypeScript JSX", 0, 0, 75, 0, 0, 0, 0, 0, 11, 86
"d:\share12\three-template-master\src\pages\home\Simple.tsx", "TypeScript JSX", 0, 0, 52, 0, 0, 0, 0, 1, 13, 66
"d:\share12\three-template-master\src\pages\home\TriggerBox.tsx", "TypeScript JSX", 0, 0, 18, 0, 0, 0, 0, 0, 4, 22
"d:\share12\three-template-master\src\pages\home\d.vue", "vue", 0, 0, 0, 0, 0, 17, 0, 0, 4, 21
"d:\share12\three-template-master\src\pages\home\index copy.ts", "TypeScript", 7, 0, 0, 0, 0, 0, 0, 0, 2, 9
"d:\share12\three-template-master\src\pages\home\index.ts", "TypeScript", 2, 0, 0, 0, 0, 0, 0, 0, 1, 3
"d:\share12\three-template-master\src\pages\login\Login.tsx", "TypeScript JSX", 0, 0, 157, 0, 0, 0, 0, 43, 2, 202
"d:\share12\three-template-master\src\pages\login\LoginBox.vue", "vue", 0, 0, 0, 0, 0, 66, 0, 0, 5, 71
"d:\share12\three-template-master\src\pages\login\LoginModal.vue", "vue", 0, 0, 0, 0, 0, 45, 0, 0, 6, 51
"d:\share12\three-template-master\src\pages\login\data.ts", "TypeScript", 311, 0, 0, 0, 0, 0, 0, 0, 2, 313
"d:\share12\three-template-master\src\pages\login\index.ts", "TypeScript", 3, 0, 0, 0, 0, 0, 0, 0, 1, 4
"d:\share12\three-template-master\src\pages\personal\Conversation.vue", "vue", 0, 0, 0, 0, 0, 58, 0, 0, 3, 61
"d:\share12\three-template-master\src\pages\personal\Personal.vue", "vue", 0, 0, 0, 0, 0, 65, 0, 0, 5, 70
"d:\share12\three-template-master\src\pages\personal\PlatformSetting.vue", "vue", 0, 0, 0, 0, 0, 68, 0, 0, 2, 70
"d:\share12\three-template-master\src\pages\personal\ProfileInfo.vue", "vue", 0, 0, 0, 0, 0, 85, 0, 0, 9, 94
"d:\share12\three-template-master\src\pages\personal\Projects.vue", "vue", 0, 0, 0, 0, 0, 120, 0, 0, 9, 129
"d:\share12\three-template-master\src\pages\personal\index.ts", "TypeScript", 2, 0, 0, 0, 0, 0, 0, 0, 1, 3
"d:\share12\three-template-master\src\router\index.ts", "TypeScript", 10, 0, 0, 0, 0, 0, 0, 1, 4, 15
"d:\share12\three-template-master\src\router\routes.ts", "TypeScript", 38, 0, 0, 0, 0, 0, 0, 0, 3, 41
"d:\share12\three-template-master\src\service\client.ts", "TypeScript", 92, 0, 0, 0, 0, 0, 0, 10, 3, 105
"d:\share12\three-template-master\src\service\index.ts", "TypeScript", 2, 0, 0, 0, 0, 0, 0, 0, 2, 4
"d:\share12\three-template-master\src\sortablejs\Animation.js", "JavaScript", 0, 0, 0, 0, 141, 0, 0, 6, 29, 176
"d:\share12\three-template-master\src\sortablejs\BrowserInfo.js", "JavaScript", 0, 0, 0, 0, 11, 0, 0, 0, 2, 13
"d:\share12\three-template-master\src\sortablejs\EventDispatcher.js", "JavaScript", 0, 0, 0, 0, 47, 0, 0, 1, 10, 58
"d:\share12\three-template-master\src\sortablejs\PluginManager.js", "JavaScript", 0, 0, 0, 0, 96, 0, 0, 9, 13, 118
"d:\share12\three-template-master\src\sortablejs\Sortable.js", "JavaScript", 0, 0, 0, 0, 1495, 0, 0, 162, 372, 2029
"d:\share12\three-template-master\src\sortablejs\index.js", "JavaScript", 0, 0, 0, 0, 3674, 0, 0, 311, 118, 4103
"d:\share12\three-template-master\src\sortablejs\utils.js", "JavaScript", 0, 0, 0, 0, 428, 0, 0, 68, 100, 596
"d:\share12\three-template-master\src\style.scss", "SCSS", 0, 0, 0, 0, 0, 0, 0, 0, 1, 1
"d:\share12\three-template-master\src\system.ts", "TypeScript", 99, 0, 0, 0, 0, 0, 0, 9, 2, 110
"d:\share12\three-template-master\src\tableService\fService.ts", "TypeScript", 19, 0, 0, 0, 0, 0, 0, 0, 1, 20
"d:\share12\three-template-master\src\tableService\sComponent\chart.tsx", "TypeScript JSX", 0, 0, 6, 0, 0, 0, 0, 0, 2, 8
"d:\share12\three-template-master\src\tableService\sComponent\here.tsx", "TypeScript JSX", 0, 0, 7, 0, 0, 0, 0, 0, 2, 9
"d:\share12\three-template-master\src\tableService\sComponent\index.ts", "TypeScript", 4, 0, 0, 0, 0, 0, 0, 0, 0, 4
"d:\share12\three-template-master\src\tableService\serviceDesign.tsx", "TypeScript JSX", 0, 0, 10, 0, 0, 0, 0, 0, 2, 12
"d:\share12\three-template-master\src\tableService\serviceDrag.tsx", "TypeScript JSX", 0, 0, 8, 0, 0, 0, 0, 0, 2, 10
"d:\share12\three-template-master\src\tableService\serviceSelect.tsx", "TypeScript JSX", 0, 0, 4, 0, 0, 0, 0, 0, 2, 6
"d:\share12\three-template-master\src\table\calculate.ts", "TypeScript", 205, 0, 0, 0, 0, 0, 0, 28, 15, 248
"d:\share12\three-template-master\src\table\column.tsx", "TypeScript JSX", 0, 0, 338, 0, 0, 0, 0, 20, 4, 362
"d:\share12\three-template-master\src\table\columnConfig.ts", "TypeScript", 57, 0, 0, 0, 0, 0, 0, 2, 3, 62
"d:\share12\three-template-master\src\table\editor\baseEdit.ts", "TypeScript", 29, 0, 0, 0, 0, 0, 0, 0, 2, 31
"d:\share12\three-template-master\src\table\editor\string.ts", "TypeScript", 132, 0, 0, 0, 0, 0, 0, 0, 13, 145
"d:\share12\three-template-master\src\table\editor\tableInput.tsx", "TypeScript JSX", 0, 0, 45, 0, 0, 0, 0, 2, 1, 48
"d:\share12\three-template-master\src\table\registerEdit.ts", "TypeScript", 15, 0, 0, 0, 0, 0, 0, 1, 3, 19
"d:\share12\three-template-master\src\table\table.ts", "TypeScript", 889, 0, 0, 0, 0, 0, 0, 44, 5, 938
"d:\share12\three-template-master\src\table\tableButtonCom.tsx", "TypeScript JSX", 0, 0, 57, 0, 0, 0, 0, 11, 2, 70
"d:\share12\three-template-master\src\table\tableCom.tsx", "TypeScript JSX", 0, 0, 208, 0, 0, 0, 0, 12, 2, 222
"d:\share12\three-template-master\src\table\tableData.ts", "TypeScript", 12189, 0, 0, 0, 0, 0, 0, 3, 5, 12197
"d:\share12\three-template-master\src\table\tableEvent.ts", "TypeScript", 166, 0, 0, 0, 0, 0, 0, 12, 6, 184
"d:\share12\three-template-master\src\table\tableFilterCom.tsx", "TypeScript JSX", 0, 0, 120, 0, 0, 0, 0, 3, 2, 125
"d:\share12\three-template-master\src\table\tableMenuCom.tsx", "TypeScript JSX", 0, 0, 22, 0, 0, 0, 0, 1, 2, 25
"d:\share12\three-template-master\src\vite-env.d.ts", "TypeScript", 12, 0, 0, 0, 0, 0, 0, 1, 4, 17
"Total", "-", 25513, 11782, 7486, 2033, 7776, 5968, 131, 3072, 2107, 65868